ID,SKU,Nombre,¿Está destacado?
1177,32093,Azelac Ru Liposomal Serum X 30 Ml Sesderma,1
2513,120004,Meik Agua Micelar*240 Ml,0
3313,32163,Azelac Ru Crema Gel Intensivo X 50 Ml,1
3578,59063,Teen Derm Hydra X 40 Ml Isispharma ,0
4689,22203,Trio White Xp Contorno De Ojos X 10 Ml Noreva ,0
4693,22205,Xerodiane  Ap+ Crema Emoliente X 400 Ml Noreva ,0
5165,59095,Glyco-A Body X 200 Ml Isispharma,0
5217,80064,Duolys.A Antiarrugas X 30 Ml  Ecopharma,0
6783,32244,Azelac Ru Crema De Manos Spf 30 X 50 Ml ,1
8096,76035,Episoleil Solar Spf 65 Canela X 70 Gr Epidermique,0
8098,76037,Episoleil Solar Spf 65 Neutro X 70 Gr Epidermique,0
11196,08007,Crema Emoliente Emulcrem X 500Gr ,1
22796,170012,Barra Labial Voluminizador Mora  X 4 Gr Dermclar,0
22798,170014,Barra Labial Voluminizadora Menta  X 4 Gr Dermclar,0
22800,170016,Gel Corporal Reafirmante  X 70 Gr Dermclar,0
22801,170017,Gel Corporal Reductor De Medidas  X 150 Gr Dermclar,0
26197,80073,Duolys AHA 10  X 40 Ml Ecopharma,1
28745,32282,Retisil Crema Intensiva X 50 Ml Sesderma ,0
28746,32283,Retisil Serum Intensivo X 30 Ml Sesderma,0
28747,32284,Retisil Contorno de Ojos Y Labios X 30 Ml Sesderma ,0
34113,22369,Iraltone Shampoo Fortificante X 200 Ml Cantabria,0
34114,22370,Iraltone Shampoo Sebo Regulador X 200 Ml Cantabria,0
34115,22371,Iraltone Locion Anticaida X 100 Ml Cantabria,0
34696,160013,Aceite Acondicionador Capilar X 50 Gr Ldoc,1
